th_time,th
-2.0,0.0
0.08200001717,325.952
2.08200001717,345.26
4.1210000515,237.128
6.16400003433,262.404
8.2060000896,262.436
10.2050001621,448.204
12.2050001621,342.756
14.2870001793,396.98
16.3289999962,273.368
18.4120001793,239.988
20.3690001965,280.396
22.3690001965,429.684
24.3680000305,311.716
26.3680000305,339.768
28.4509999752,282.552
30.492000103,226.86
32.4500000477,300.292
34.4500000477,378.312
36.4490001202,321.368
38.4490001202,318.856
40.4480001926,295.216
42.4480001926,233.948
44.4470000267,251.192
46.4470000267,408.056
48.4460000992,323.992
50.4460000992,341.224
52.4450001717,310.744
54.4450001717,385.696
56.4440000057,297.288
58.4440000057,384.66
60.4440000057,379.028
62.4430000782,371.588
64.4830000401,333.328
66.4820001125,287.7
68.4820001125,308.756
70.481000185,375.156
72.4820001125,410.72
74.4820001125,376.028
76.4820001125,351.64
78.481000185,396.816
80.481000185,327.212
82.4800000191,274.044
84.4800000191,298.136
86.4790000916,347.496
88.4790000916,319.32
90.478000164,324.548
92.478000164,266.32
94.4769999981,263.436
96.4769999981,267.132
98.476999998,341.716
100.518000126,367.572
102.517000198,385.608
104.517000198,372.372
106.516000032,310.528
108.516000032,248.188
110.515000105,431.048
112.55700016,308.92
114.555999994,358.176
116.555999994,322.592
118.555000067,226.548
120.555000067,237.488
122.554000139,424.976
124.554000139,309.1
126.552999973,317.008
128.552999973,704.184
130.552999973,215.624
132.552000046,213.436
134.552000046,367.94
136.551000118,366.64
138.551000118,400.788
140.550000191,381.92
142.550000191,327.624
144.549000025,344.316
146.549000025,402.928
148.548000097,414.776
150.548000097,378.52
152.548000097,366.048
154.54700017,834.16
156.54700017,240.048
158.546000004,354.308
160.546000004,409.84
162.587000132,345.608
164.586000204,342.376
166.586000204,279.04
168.586000204,244.192
170.585000038,335.052
172.585000038,375.852
174.584000111,342.976
176.584000111,339.428
178.583000183,320.616
180.583000183,256.58
182.582000017,307.364
184.582000017,406.692
186.58100009,338.508
188.58100009,364.0
190.580000162,316.74
192.580000162,239.868
194.621000051,295.008
196.621000051,389.768
198.662000179,359.936
200.662000179,357.072
202.661000013,645.788
204.661000013,161.388
206.660000086,204.972
208.660000086,294.168
210.659000158,246.796
212.659000158,243.376
214.657999992,225.392
216.657999992,157.26
218.657000065,183.488
220.657000065,309.644
222.656000137,267.788
224.656000137,261.488
226.656000137,231.204
228.697000027,170.124
230.696000099,167.288
232.696000099,278.844
234.695000172,273.82
236.695000172,262.02
238.694000006,233.288
240.736000061,599.028
242.735000134,613.168
244.775000095,809.088
246.734000206,623.528
248.734000206,396.792
250.73300004,489.42
252.775000095,369.816
254.774000168,447.872
256.774000168,403.716
258.815000057,567.408
260.813000202,407.412
262.772000074,512.08
264.772000074,371.432
266.771000147,323.556
268.813000202,1302.488
270.769999981,473.836
272.769999981,394.264
274.769999981,397.328
276.769000053,388.42
278.769000053,273.596
280.808000088,348.772
282.768000126,441.524
284.767000198,428.204
286.767000198,379.108
288.766000032,384.76
290.766000032,374.208
292.765000105,293.828
294.80700016,403.768
296.805999994,368.168
298.805999994,347.924
300.805000067,324.076
302.805000067,302.752
304.804000139,366.44
306.804000139,450.324
308.802999973,397.044
310.802999973,346.208
312.843000174,312.808
314.842000008,304.776
316.842000008,297.128
318.843000174,408.74
320.842000008,424.536
322.842000008,345.708
324.881000042,333.844
326.923000097,272.776
328.92200017,260.012
330.92200017,508.548
332.921000004,464.376
334.92200017,447.368
336.92200017,507.092
338.92200017,416.396
340.921000004,2119.052
342.921000004,594.196
344.920000076,480.136
346.920000076,406.68
348.919000149,425.176
350.919000149,451.2
352.917999983,393.512
354.917999983,418.868
356.917000055,465.928
358.917000055,418.408
360.917000055,419.728
362.916000128,408.46
364.916000128,360.668
366.9150002,412.828
368.9150002,479.916
370.914000034,462.192
372.914000034,575.34
374.955000162,430.264
376.955000162,174.444
378.996000051,213.788
380.995000124,310.424
382.995000124,270.596
384.994000196,271.804
386.994000196,257.264
389.035000086,194.82
391.075999975,202.068
393.075999975,289.796
395.117000103,283.32
397.117000103,685.068
399.116000175,723.692
401.116000175,192.412
403.11500001,303.7
405.11500001,729.016
407.114000082,267.412
409.114000082,309.856
411.113000154,248.024
413.113000154,211.836
415.111999989,216.34
417.111999989,277.632
419.111999989,333.352
421.111000061,271.752
423.111000061,733.044
425.114000082,274.408
427.114000082,245.88
429.113000154,266.136
431.113000154,333.848
433.111999989,260.424
435.111999989,484.472
437.111000061,558.752
439.111000061,413.696
441.110000134,435.396
443.110000134,486.956
445.110000134,349.932
447.109000206,341.42
449.109000206,733.792
451.10800004,310.756
453.10800004,385.488
455.107000113,528.812
457.147000074,433.232
459.106000185,475.568
461.106000185,430.748
463.105000019,358.872
465.105000019,404.776
467.105000019,477.056
469.104000092,454.192
471.104000092,434.184
473.103000164,413.816
475.103000164,329.06
477.101999998,383.036
479.101999998,522.34
481.101000071,670.124
483.101000071,346.58
485.100000143,321.684
487.100000143,309.452
489.100000143,278.224
491.098999977,348.668
493.098999977,366.712
495.09800005,320.356
497.09800005,310.452
499.097000122,307.068
501.097000122,268.156
503.096000195,347.572
505.138000011,405.664
507.095000029,325.92
509.095000029,303.48
511.094000101,288.488
513.134000063,286.996
515.13499999,366.696
517.133000135,598.344
519.093000174,257.588
521.092000008,262.512
523.092000008,264.288
525.09100008,523.764
527.132000208,695.496
529.090000153,624.86
531.090000153,635.752
533.088999987,584.944
535.088999987,659.596
537.088999987,518.54
539.088000059,625.176
541.088000059,587.456
543.087000132,632.592
545.087000132,541.416
547.126000166,620.16
549.127000093,489.396
551.085000038,603.884
553.085000038,613.32
555.084000111,634.268
557.166000128,568.26
559.125,602.772
561.125,448.604
563.124000072,589.196
565.124000072,587.344
567.1650002,607.316
569.1650002,555.128
571.164000034,609.004
573.164000034,464.316
575.163000107,547.656
577.203000069,555.6
579.202000141,610.72
581.202000141,533.072
583.200999975,593.504
585.203000069,490.016
587.202000141,496.972
589.202000141,595.436
591.200999975,231.476
593.200999975,70.156
595.200000048,150.004
597.241000175,109.876
599.241000175,121.172
601.241000175,440.172
603.24000001,375.388
605.24000001,353.66
607.322000027,670.788
609.322000027,324.096
611.322000027,524.572
613.321000099,460.828
615.361999989,538.056
617.361999989,387.648
619.361000061,452.532
621.361000061,342.744
623.360000134,507.792
625.360000134,417.756
627.401000023,345.728
629.401000023,256.956
631.400000095,258.656
633.400000095,339.42
635.399000168,310.916
637.399000168,324.892
639.398000002,272.952
641.398000002,347.824
643.398000002,431.232
645.397000074,305.036
647.397000074,278.512
649.396000147,303.916
651.396000147,311.844
653.394999981,375.436
655.394999981,279.592
657.394000053,348.796
659.394000053,304.348
661.393000126,241.764
663.393000126,395.504
665.393000126,380.232
667.392000198,422.724
669.392000198,307.568
671.391000032,382.436
673.391000032,577.884
675.390000105,523.136
677.390000105,336.38
679.389000177,345.436
681.389000177,343.012
683.388000011,386.668
685.388000011,309.948
687.387000084,291.22
689.387000084,329.812
691.387000084,356.088
693.386000156,387.216
695.386000156,309.088
697.38499999,271.52
699.38499999,281.124
701.384000063,196.024
703.384000063,302.416
705.383000135,340.68
707.383000135,143.128
709.382000208,234.892
711.382000208,367.508
713.382000208,350.86
715.381000042,268.78
717.42200017,392.348
719.42200017,370.712
721.421000004,363.52
723.421000004,195.5
725.420000076,257.836
727.420000076,228.98
729.420000076,199.64
731.419000149,221.04
733.419000149,331.552
735.417999983,449.412
737.417999983,303.996
739.459000111,660.512
741.417000055,373.416
743.416000128,653.428
745.416000128,337.208
747.496999979,883.86
749.496999979,714.412
751.45600009,705.54
753.496000051,736.508
755.455000162,360.856
757.496000051,232.324
759.496000051,496.668
761.496000051,658.14
763.495000124,389.744
765.495000124,370.968
767.577000141,566.224
769.577000141,291.204
771.577000141,226.676
773.616000175,576.204
775.617000103,361.576
777.575000048,500.916
779.575000048,1012.276
781.57400012,723.548
783.614000082,666.452
785.573000193,542.456
787.573000193,574.772
789.572000027,508.748
791.611999989,404.96
793.572000027,320.076
795.571000099,314.332
797.571000099,394.108
799.570000172,453.016
801.570000172,438.22
803.569000006,392.204
805.569000006,467.24
807.568000078,414.464
809.568000078,450.64
811.567000151,454.92
813.567000151,456.248
815.567000151,460.184
817.565999985,410.428
819.565999985,538.092
821.565000057,475.472
823.565000057,461.844
825.56400013,500.892
827.56400013,475.384
829.563000202,497.912
831.603000164,488.812
833.601999998,490.576
835.601999998,571.124
837.601000071,532.212
839.603000164,598.5
841.601999998,537.156
843.601999998,520.768
845.601000071,537.984
847.601000071,541.072
849.600000143,586.248
851.642000198,525.316
853.641000032,520.932
855.641000032,548.512
857.640000105,508.32
859.640000105,569.324
861.639000177,402.304
863.639000177,497.128
865.638000011,325.64
867.638000011,560.952
869.637000084,382.468
871.637000084,314.196
873.637000084,380.036
875.636000156,325.172
877.636000156,363.656
879.63499999,366.872
881.63499999,381.8
883.634000063,444.7
885.634000063,368.756
887.633000135,394.544
889.633000135,375.352
891.632000208,276.216
893.632000208,385.592
895.632000208,341.412
897.673000097,355.58
899.67200017,376.3
901.67200017,355.26
903.671000004,373.088
905.671000004,356.572
907.670000076,389.212
909.670000076,299.42
911.670000076,312.552
913.669000149,347.528
915.669000149,329.144
917.667999983,307.984
919.667999983,311.236
921.667000055,342.26
923.667000055,374.14
925.666000128,318.2
927.666000128,307.14
929.6650002,358.812
931.6650002,325.16
933.664000034,410.576
935.664000034,318.308
937.664000034,372.368
939.663000107,358.636
941.663000107,335.644
943.662000179,411.128
945.662000179,164.832
947.703000069,79.58
949.702000141,132.816
951.702000141,249.496
953.702000141,393.792
955.700999975,377.248
957.742000103,594.848
959.742000103,171.324
961.741000175,222.372
963.741000175,265.768
965.74000001,141.368
967.782000065,248.664
969.781000137,161.816
971.781000137,265.076
973.779999971,218.452
975.822000027,230.14
977.863000154,225.952
979.861999989,232.504
981.861999989,207.9
983.861000061,81.032
985.861000061,94.104
987.860000134,120.4
989.860000134,77.972
991.860000134,153.46
993.859000206,98.776
995.859000206,106.188
997.85800004,110.284
999.85800004,95.068
1001.85700011,142.592
1003.85700011,117.08
1005.898,164.868
1007.89600015,92.304
1009.89499998,113.864
1011.85500002,139.052
1013.85400009,133.912
1015.85400009,124.608
1017.85400009,99.696
1019.85300016,95.024
1021.89400005,110.112
1023.89400005,94.988
1025.89300013,174.732
1027.89300013,259.128
1029.93200016,259.548
1031.8920002,199.548
1033.8920002,198.064
1035.89100003,235.848
1037.89100003,209.176
1039.8900001,205.788
1041.8900001,201.184
1043.88900018,207.44
1045.88900018,189.524
1047.88800001,241.384
1049.92799997,122.204
1051.88700008,186.028
1053.88700008,158.26
1055.88700008,130.692
1057.88600016,133.556
1059.88600016,128.256
1061.88499999,161.876
1063.88499999,143.952
1065.88400006,141.64
1067.88400006,182.892
1069.88300014,156.02
1071.9230001,181.148
1073.92200017,120.352
1075.92200017,89.468
1077.921,111.528
1079.9230001,116.952
1081.92200017,139.948
1083.92200017,146.496
1085.921,135.084
1087.921,124.664
1089.92000008,133.088
1091.96200013,101.664
1093.9610002,112.1
1095.9610002,101.492
1097.96000004,275.852
1099.96000004,251.912
1101.95900011,274.588
1103.95900011,265.9
1105.95800018,273.696
1107.95800018,269.876
1109.95700002,266.74
1111.95700002,290.896
1113.95700002,283.5
1115.95600009,316.68
1117.95600009,217.928
1119.95500016,157.1
1121.95500016,138.94
1123.954,127.284
1125.954,162.976
1127.95300007,161.256
1129.95300007,142.532
1131.95200014,155.12
1133.95200014,119.904
1135.95200014,113.812
1137.95099998,93.944
1139.95099998,177.592
1141.95000005,122.868
1143.95000005,214.704
1145.94900012,214.376
1147.99000001,133.54
1149.99000001,179.76
1151.99000001,138.68
1153.98900008,216.772
1155.98900008,224.588
1157.98800015,166.176
1159.98800015,205.736
1161.98699999,286.844
1163.98699999,269.304
1165.98600006,299.348
1168.02800012,294.324
1170.02700019,333.608
1172.02700019,318.012
1174.02600002,242.932
1176.02600002,261.584
1178.06700015,333.36
1180.06599998,290.056
1182.06599998,295.028
1184.06599998,129.076
1186.06500006,148.088
1188.06500006,161.972
1190.06400013,211.216
1192.06400013,191.436
1194.0630002,190.756
1196.0630002,172.684
1198.06200004,202.136
1200.06200004,162.944
1202.06100011,145.444
1204.06100011,100.556
1206.06100011,376.088
1208.06000018,126.488
1210.10100007,145.212
1212.10100007,211.54
1214.10000014,46.636
1216.10000014,637.624
1218.09899998,142.256
1220.09899998,119.672
1222.09899998,195.276
1224.09800005,47.36
1226.09800005,152.088
1228.13700008,14.58
1230.09700012,317.496
1232.09600019,232.812
1234.13600016,529.9
1236.13499999,380.036
1238.09500003,153.572
1240.0940001,126.532
1242.0940001,115.444
1244.13499999,76.1
1246.09300017,131.084
1248.13400006,616.412
1250.09200001,414.932
1252.09200001,329.816
1254.09100008,366.396
1256.09100008,396.86
1258.09000015,419.408
1260.09000015,275.476
1262.08899999,332.476
1264.08899999,513.484
1266.13000011,454.776
1268.13000011,407.176
1270.12900019,208.872
1272.16900015,221.088
1274.12800002,198.404
1276.12800002,265.048
1278.12700009,217.06
1280.12700009,207.724
1282.12600017,218.004
1284.12600017,449.2
1286.12600017,306.784
1288.16700006,386.44
1290.16600013,502.904
1292.16600013,534.176
1294.1650002,394.652
1296.1650002,357.9
1298.16400003,231.06
1300.16400003,211.8
1302.16400003,235.352
1304.16300011,355.1
1306.20300007,282.352
1308.20200014,312.468
1310.20200014,251.436
1312.20300007,274.196
1314.20200014,327.968
1316.20200014,357.088
1318.2420001,387.984
1320.24300003,458.272
1322.2420001,274.256
1324.2420001,308.852
1326.24100018,316.34
1328.24100018,360.088
1330.24000001,393.676
1332.24000001,431.376
1334.24000001,420.38
1336.23900008,219.928
1338.27999997,322.588
1340.27999997,516.316
1342.27900004,527.676
1344.27900004,385.308
1346.27800012,375.584
1348.32000017,444.1
1350.31900001,613.324
1352.31900001,546.524
1354.31800008,470.18
1356.31800008,358.888
1358.35900021,294.964
1360.35900021,276.308
1362.35800004,418.328
1364.35800004,525.852
1366.35700011,390.456
1368.35700011,567.868
1370.35600019,322.344
1372.35600019,434.104
1374.35500002,513.26
1376.35500002,594.604
1378.35400009,624.072
1380.35400009,556.54
1382.35400009,397.988
1384.35300016,366.964
1386.35300016,229.224
1388.352,203.408
1390.352,397.864
1392.35100007,473.34
1394.35100007,449.46
1396.35000014,497.324
1398.35000014,612.596
1400.34899998,481.184
1402.34899998,243.528
1404.34800005,182.676
1406.34800005,171.748
1408.34800005,432.424
1410.34700012,277.172
1412.34700012,252.008
1414.34600019,234.588
1416.34600019,325.488
1418.34500003,923.092
1420.34500003,939.728
1422.3440001,822.5
1424.3440001,762.492
1426.34300017,749.284
1428.34300017,1107.028
1430.34300017,407.752
1432.34200001,480.576
1434.34200001,436.576
1436.34100008,298.848
1438.34100008,318.568
1440.34000015,349.608
1442.34000015,291.808
1444.33899999,289.152
1446.33899999,240.632
1448.33800006,366.68
1450.33800006,309.848
1452.33800006,318.748
1454.33700013,432.412
1456.33700013,398.024
1458.3360002,369.604
1460.3360002,413.252
1462.33500004,356.436
1464.33500004,333.624
1466.33400011,304.292
1468.41700006,319.8
1470.41700006,290.764
1472.41600013,406.136
1474.41600013,398.476
1476.45500016,326.54
1478.4150002,445.716
1480.41400003,337.612
1482.41400003,337.48
1484.41400003,425.6
1486.45500016,366.252
1488.41300011,455.736
1490.41200018,517.356
1492.41200018,485.7
1494.41100001,459.8
1496.45200014,476.868
1498.41000009,395.9
1500.41000009,477.212
1502.40900016,364.596
1504.40900016,374.804
1506.40799999,398.216
1508.45000005,298.456
1510.44900012,380.808
1512.44900012,391.064
1514.44800019,405.152
1516.44800019,358.568
1518.48900008,459.0
1520.48900008,415.308
1522.48800015,424.632
1524.48800015,426.188
1526.48699999,367.556
1528.48699999,357.772
1530.48600006,475.828
1532.48600006,339.384
1534.48500013,351.836
1536.48500013,409.608
1538.52600002,333.904
1540.52600002,375.04
1542.5250001,422.728
1544.5250001,511.8
1546.52400017,410.408
1548.52400017,480.916
1550.523,387.92
1552.523,334.076
1554.56200004,407.924
1556.56200004,362.8
1558.5630002,284.944
1560.60300016,336.952
1562.602,297.352
1564.602,278.008
1566.60100007,421.212
1568.60300016,191.524
1570.602,192.664
1572.602,287.916
1574.60100007,249.088
1576.60100007,206.092
1578.60000014,212.264
1580.60000014,599.152
1582.59899998,227.092
1584.59899998,227.636
1586.6400001,162.9
1588.6400001,257.2
1590.63900018,244.2
1592.63900018,532.648
1594.63800001,271.98
1596.63800001,232.532
1598.63700008,229.612
1600.63700008,232.844
1602.63600016,264.676
1604.63600016,182.952
1606.63600016,212.212
1608.63499999,159.812
1610.63499999,562.612
1612.63400006,227.184
1614.63400006,247.58
1616.63300014,201.248
1618.63300014,192.708
1620.63200021,270.852
1622.63200021,190.036
1624.63100004,250.552
1626.63100004,316.68
1628.63100004,168.868
1630.63000011,218.628
1632.63000011,217.68
1634.62900019,547.212
1636.62900019,280.472
1638.62800002,232.944
1640.62800002,277.852
1642.62700009,215.416
1644.62700009,309.048
1646.62600017,157.324
1648.62600017,297.148
1650.625,279.1
1652.625,239.44
1654.625,124.772
1656.62400007,378.444
1658.62400007,287.436
1660.62300014,329.404
1662.62300014,332.852
1664.62199998,314.624
1666.62199998,402.16
1668.62100005,373.076
1670.62100005,355.236
1672.62000012,295.356
1674.62000012,263.64
1676.62000012,335.148
1678.6190002,341.516
1680.6190002,376.284
1682.61800003,355.724
1684.61800003,316.84
1686.6170001,53.44
1688.65799999,57.332
1690.65600014,27.052
1692.61600018,55.304
1694.65499997,100.852
1696.61500001,75.012
1698.65600014,65.176
1700.69700003,796.656
1702.65499997,618.928
1704.65499997,267.78
1706.65400004,265.916
1708.65200019,226.348
1710.65100002,163.484
1712.65100002,140.944
1714.6500001,192.948
1716.6500001,355.88
1718.69099998,283.112
1720.69099998,281.996
1722.69000006,177.704
1724.69000006,109.204
1726.68900013,89.508
1728.68900013,113.912
1730.6880002,203.74
1732.6880002,155.76
1734.6880002,364.58
1736.68700004,423.2
1738.68700004,466.624
1740.68600011,498.856
1742.68600011,627.792
1744.68500018,734.756
1746.68500018,674.632
1748.68400002,547.496
1750.68400002,550.588
1752.68300009,747.724
1754.68300009,406.484
1756.72300005,466.192
1758.72200012,506.948
1760.72200012,566.5
1762.72300005,464.856
1764.72200012,454.992
1766.72200012,544.472
1768.72100019,587.848
1770.72100019,673.404
1772.72100019,558.296
1774.72000003,471.28
1776.72000003,416.46
1778.7190001,501.808
1780.7190001,293.304
1782.71800017,252.94
1784.71800017,480.272
1786.71700001,491.224
1788.71700001,307.876
1790.71600008,264.76
1792.71600008,385.152
1794.71600008,436.968
1796.71500015,396.288
1798.71500015,236.972
1800.71399999,210.728
1802.71399999,267.9
1804.71300006,441.176
1806.71300006,506.012
1808.71200013,368.144
1810.71200013,373.904
1812.7110002,376.184
1814.7110002,448.024
1816.71000004,515.708
1818.71000004,457.96
1820.71000004,385.136
1822.70900011,383.988
1824.70900011,595.352
1826.70800018,521.364
1828.70800018,381.104
1830.70700002,478.98
1832.70700002,476.44
1834.70600009,483.428
1836.70600009,471.48
1838.70500016,439.604
1840.70500016,386.144
1842.70500016,365.224
1844.704,449.044
1846.704,330.04
1848.70300007,414.272
1850.70300007,346.072
1852.70200014,370.72
1854.70200014,435.216
1856.70099998,408.204
1858.70099998,325.216
1860.70000005,415.232
1862.70000005,286.696
1864.70000005,239.684
1866.69900012,323.536
1868.69900012,206.564
1870.69800019,137.084
1872.69800019,147.824
1874.73699999,169.572
1876.69700003,181.156
1878.6960001,150.664
1880.73600006,154.112
1882.69500017,164.648
1884.69500017,131.784
1886.69400001,160.268
1888.73600006,157.456
1890.77700019,268.156
1892.81599998,480.668
1894.81599998,509.548
1896.77600002,456.944
1898.7750001,416.672
1900.7750001,482.344
1902.77400017,447.352
1904.81400013,366.22
1906.81500006,421.36
1908.81400013,475.628
1910.81400013,388.624
1912.81400013,346.712
1914.85300016,310.044
1916.8130002,376.56
1918.89499998,366.872
1920.93700004,299.808
1922.93500018,346.532
1924.89400005,315.028
1926.89400005,306.636
1928.89300013,243.596
1930.89300013,234.584
1932.8920002,242.908
1934.97500014,278.104
1936.97300005,381.476
1938.97399998,517.364
1940.93200016,510.384
1942.97300005,351.172
1944.93099999,360.484
1946.93099999,365.444
1948.97200012,498.172
1951.08200002,439.008
1953.08200002,530.152
1955.08100009,539.02
1957.12199998,418.824
1959.16200018,354.124
1961.20500016,156.116
1963.24600005,338.56
1965.28700018,367.908
1967.28700018,134.584
1969.28600001,246.616
1971.28600001,316.156
1973.32700014,373.72
1975.45099998,142.06
1977.53400016,493.856
1979.70099998,579.364
1981.82500005,569.848
1983.90799999,515.592
1985.99100018,570.132
1988.03200006,581.94
1990.15600014,525.848
1992.19800019,559.844
1994.23900008,608.812
1996.23800015,778.82
1998.23800015,671.408
2000.23699999,660.292
2002.23699999,657.312
2004.23699999,765.356
2006.23600006,668.46
2008.27700019,673.076
2010.44200015,604.168
2012.44300008,403.836
2014.48300004,365.076
2016.48400021,360.292
2018.56700015,497.7
2020.64900017,238.28
2022.81599998,414.948
2024.85700011,316.024
2026.85600019,433.928
2028.898,318.32
2030.98000002,285.696
2033.0630002,291.96
2035.10500002,406.44
2037.18700004,686.508
2039.22900009,733.828
2041.26999998,600.792
2043.35300016,660.592
2045.352,637.268
2047.39300013,474.788
2049.51800013,751.972
2051.55900002,788.768
2053.55900002,634.916
2055.60000014,740.4
2057.59899998,681.204
2059.59899998,672.38
2061.72200012,467.444
2063.72300005,768.964
2065.84700012,521.244
2067.88900018,453.976
2069.88800001,528.944
2071.88800001,373.748
2073.88700008,347.828
2075.88700008,349.58
2077.92799997,272.096
2079.92799997,218.048
2081.9690001,198.688
2083.96800017,362.728
2086.00999999,222.484
2088.00900006,167.308
2090.13400006,111.696
2092.21600008,102.552
2094.21600008,114.752
2096.25700021,160.812
2098.25700021,213.008
2100.2980001,252.252
2102.29700017,151.776
2104.29700017,298.208
2106.33800006,245.152
2108.37900019,147.272
2110.421,120.04
2112.46200013,113.196
2114.50300002,121.492
2116.5860002,123.58
2118.62700009,79.264
2120.66799998,56.516
2122.70900011,91.232
2124.83400011,96.472
2126.83400011,74.916
2128.875,106.62
2130.87400007,162.324
2132.9150002,131.224
2134.99800014,166.172
2137.0400002,377.3
2139.08100009,288.884
2141.08000016,237.796
2143.16300011,443.052
2145.204,391.408
2147.32700014,459.856
2149.32800007,444.896
2151.37000012,341.132
2153.3690002,375.588
2155.3690002,714.112
2157.36800003,399.94
2159.36800003,494.548
2161.3670001,405.216
2163.3670001,407.788
2165.36600018,362.752
2167.40799999,689.9
2169.44900012,389.58
2171.49000001,506.256
2173.53100014,419.54
2175.57200003,745.708
2177.65499997,330.3
2179.65499997,366.076
2181.65400004,362.908
2183.65400004,428.34
2185.65300012,713.304
2187.65300012,382.576
2189.65200019,336.436
2191.65200019,333.976
2193.65200019,678.832
2195.69300008,302.128
2197.73400021,355.688
2199.7750001,300.168
2201.81599998,562.62
2203.81599998,543.4
2205.81500006,320.08
2207.85700011,397.76
2209.898,334.576
2211.93900013,315.488
2213.93900013,370.62
2216.02100015,415.076
2218.0630002,410.864
2220.10400009,415.864
2222.14300013,366.916
2224.14499998,403.044
2226.14400005,368.092
2228.18500018,405.68
2230.18500018,340.832
2232.22600007,309.496
2234.2670002,274.96
2236.30800009,314.356
2238.30800009,360.084
2240.30800009,280.724
2242.34899998,353.1
2244.3900001,321.22
2246.47300005,274.2
2248.47200012,721.104
2250.55500007,697.692
2252.59600019,333.0
2254.59600019,586.632
2256.63700008,569.504
2258.67799997,523.676
2260.76100016,619.372
2262.84200001,728.236
2264.84200001,684.54
2266.88499999,836.828
2268.96800017,753.164
2270.96700001,541.56
2272.96700001,506.032
2275.00800014,478.332
2277.04900002,672.184
2279.04900002,594.984
2281.0480001,690.56
2283.0480001,692.636
2285.04700017,573.74
2287.04700017,643.076
2289.046,516.284
2291.046,691.044
2293.08700013,601.672
2295.12800002,690.276
2297.12800002,584.756
2299.12700009,651.596
2301.16900015,539.736
2303.21000004,414.876
2305.20900011,278.008
2307.2750001,255.16
2309.31599998,358.436
2311.31599998,393.096
2313.31500006,347.48
2315.31500006,79.056
2317.31400013,53.66
2319.31400013,12.792
2321.3130002,13.392
2323.3130002,15.4
2325.31200004,29.516
2327.31200004,32.964
2329.31200004,23.804
2331.31100011,23.288
2333.31100011,25.544
2335.31000018,28.676
2337.31000018,26.9
2339.35100007,23.644
2341.35000014,20.652
2343.35000014,455.672
2345.35000014,710.744
2347.34899998,354.684
2349.34899998,271.932
2351.34800005,234.244
2353.34800005,41.036
2355.34700012,34.536
2357.38800001,229.016
2359.38800001,258.888
2361.38800001,286.528
2363.38700008,143.568
2365.38700008,128.34
2367.38600016,124.076
2369.38600016,270.472
2371.38499999,376.076
2373.38499999,290.472
2375.38400006,282.508
2377.38400006,194.572
2379.38300014,144.072
2381.38300014,169.56
2383.38300014,244.348
2385.38200021,297.624
2387.38200021,204.016
2389.38100004,185.876
2391.38100004,257.184
2393.38000011,201.748
2395.38000011,151.768
2397.37900019,117.032
2399.37900019,131.86
2401.37800002,253.2
2403.37800002,212.644
2405.37700009,209.892
2407.37700009,255.848
2409.37700009,253.68
2411.37600017,283.968
2413.37600017,273.824
2415.375,298.944
2417.375,300.852
2419.37400007,325.224
2421.41400003,297.176
2423.37300014,279.192
2425.41300011,268.8
2427.37199998,168.148
2429.37199998,209.456
2431.37199998,233.296
2433.41300011,265.008
2435.37100005,239.884
2437.41200018,224.244
2439.41000009,172.4
2441.40900016,261.016
2443.3690002,166.592
2445.36800003,180.992
2447.36800003,152.208
2449.3670001,268.804
2451.3670001,217.832
2453.3670001,227.756
2455.36600018,351.964
2457.40700006,204.528
2459.36500001,256.856
2461.36500001,212.192
2463.36400008,162.324
2465.36400008,138.8
2467.36300015,154.324
2469.40300012,117.468
2471.40200019,174.088
2473.40200019,178.656
2475.40100002,240.804
2477.44300008,214.236
2479.44200015,190.784
2481.44200015,120.112
2483.44099998,173.308
2485.44300008,179.944
2487.48400021,353.088
2489.48300004,428.224
2491.523,420.876
2493.52200007,355.98
2495.52200007,358.932
2497.523,362.472
2499.5630002,319.944
2501.56200004,380.772
2503.56200004,453.084
2505.56100011,378.376
2507.60400009,356.172
2509.60400009,323.896
2511.68700004,358.568
2513.72800016,437.108
2515.76900005,410.348
2517.852,353.712
2520.01800013,339.732
2522.1420002,376.428
2524.2670002,341.148
2526.2670002,390.852
2528.39100003,390.396
2530.51600003,358.228
2532.6400001,400.288
2534.72100019,333.248
2536.76400018,348.092
2538.88900018,287.544
2541.01300001,462.972
2543.13800001,518.852
2545.26200008,458.4
2547.26200008,297.224
2549.30299997,439.496
2551.42700005,314.66
2553.50999999,237.488
2555.63499999,227.076
2557.80100012,241.372
2559.88200021,165.936
2561.88200021,310.808
2563.92500019,250.804
2565.96600008,331.576
2568.00700021,380.172
2570.0480001,319.54
2572.08899999,238.672
2574.21399999,311.124
2576.25500011,320.104
2578.296,224.528
2580.37900019,201.444
2582.46200013,205.536
2584.5860002,249.344
2586.66900015,165.972
2588.66900015,188.948
2590.71000004,206.692
2592.96000004,223.164
2595.04200006,171.452
2597.08400011,206.736
2599.125,340.336
2601.20800018,285.116
2603.29100013,207.688
2605.37300014,373.256
2607.4150002,458.088
2609.45600009,523.212
2611.53900003,426.288
2613.62199998,481.312
2615.704,480.676
2617.78700018,497.068
2619.87000012,551.62
2621.91100001,591.36
2623.91100001,336.94
2625.91000009,424.964
2627.95200014,403.628
2629.95099998,455.536
2631.9920001,424.476
2634.03400016,438.428
2636.03299999,399.204
2638.07400012,488.804
2640.07400012,511.92
2642.11500001,428.224
2644.15600014,394.964
2646.23900008,347.824
2648.32200003,425.396
2650.3210001,380.98
2652.40400004,285.524
2654.4460001,387.88
2656.44500017,300.972
2658.52800012,215.64
2660.61100006,253.132
2662.69400001,196.224
2664.73500013,451.012
2666.77600002,204.572
2668.85900021,414.632
2670.9000001,308.824
2672.94099998,280.552
2675.02400017,422.348
2677.02400017,267.572
2679.148,309.092
2681.23100019,496.48
2683.27200007,318.008
2685.4380002,360.644
2687.4380002,311.444
2689.47900009,351.488
2691.47900009,383.296
2693.47800016,275.864
2695.47800016,349.864
2697.477,422.068
2699.51900005,172.252
2701.51800013,375.516
2703.55900002,184.584
2705.55900002,345.18
2707.55800009,385.56
2709.55800009,482.164
2711.55700016,566.168
2713.55700016,553.828
2715.55700016,384.864
2717.55599999,241.656
2719.55599999,325.4
2721.55500007,406.272
2723.59600019,350.184
2725.59600019,393.592
2727.63700008,325.5
2729.63700008,330.456
2731.67799997,267.912
2733.67700005,349.44
2735.67700005,311.124
2737.71800017,253.532
2739.71800017,273.044
2741.71700001,354.94
2743.71700001,282.204
2745.71600008,345.392
2747.71600008,325.308
2749.71500015,403.408
2751.71500015,348.972
2753.71399999,196.372
2755.71399999,218.364
2757.71399999,254.72
2759.71300006,315.296
2761.71300006,270.872
2763.71200013,268.512
2765.71200013,331.308
2767.7110002,487.52
2769.7110002,345.832
2771.71000004,372.436
2773.71000004,391.928
2775.70900011,311.752
2777.74900007,309.5
2779.70900011,237.184
2781.74800014,321.852
2783.74800014,399.432
2785.70700002,304.46
2787.74800014,194.088
2789.70600009,209.176
2791.74600005,190.384
2793.74500012,184.52
2795.74699998,191.58
2797.704,260.352
2799.74600005,243.408
2801.70300007,386.22
2803.70300007,308.348
2805.70300007,311.952
2807.70200014,325.656
2809.70200014,378.32
2811.70099998,330.124
2813.70099998,325.832
2815.70000005,411.476
2817.70000005,403.6
2819.69900012,318.32
2821.69900012,377.636
2823.69800019,323.816
2825.69800019,295.236
2827.69800019,347.624
2829.69700003,342.768
2831.69700003,343.52
2833.6960001,295.22
2835.6960001,344.836
2837.69500017,232.312
2839.69500017,438.008
2841.69400001,231.444
2843.69400001,304.652
2845.69300008,247.424
2847.73500013,288.196
2849.73400021,225.844
2851.73400021,246.04
2853.73300004,289.284
2855.73300004,166.02
2857.73200011,367.248
2859.73200011,352.064
2861.73100019,294.68
2863.73100019,262.864
2865.73100019,251.828
2867.73000002,268.904
2869.73000002,332.148
2871.72900009,291.32
2873.72900009,281.496
2875.72800016,322.4
2877.72800016,396.508
2879.727,238.004
2881.727,374.188
2883.72600007,368.768
2885.72600007,256.336
2887.72500014,298.064
2889.72500014,245.432
2891.72500014,343.004
2893.72399998,236.82
2895.72399998,333.908
2897.72300005,218.936
2899.76300001,245.808
2901.76200008,316.108
2903.76200008,270.348
2905.76100016,316.848
2907.76300001,257.176
2909.76200008,366.136
2911.76200008,448.66
2913.76100016,263.252
2915.76100016,388.36
2917.75999999,270.628
2919.75999999,381.336
2921.75900006,345.672
2923.75900006,438.864
2925.75800014,376.656
2927.75800014,450.5
2929.75800014,232.488
2931.75700021,309.544
2933.75700021,303.668
2935.75600004,252.132
2937.98300004,264.392
2940.02400017,300.764
2942.02400017,502.612
2944.023,396.872
2946.023,265.952
2948.02200007,365.22
2950.02200007,247.952
2952.02100015,311.208
2954.02100015,278.604
2956.02100015,291.016
2958.10300016,370.132
2960.10300016,415.74
2962.102,448.68
2964.14400005,258.34
2966.227,521.536
2968.26800013,447.324
2970.2670002,534.088
2972.2670002,409.616
2974.26600003,356.724
2976.26600003,205.672
2978.30700016,502.404
2980.34800005,371.204
2982.38900018,298.836
2984.38900018,394.92
2986.43000007,364.116
2988.51300001,348.2
2990.51300001,278.964
2992.51200008,228.52
2994.55299997,334.0
2996.55400014,222.868
2998.59500003,251.008
3000.63600016,340.02
3002.63600016,327.368
3004.67700005,386.608
3006.75999999,214.848
3008.80100012,194.64
3010.80100012,241.772
3012.80000019,312.716
3014.84100008,371.512
3016.84100008,220.828
3018.88200021,348.612
3020.88200021,338.196
3022.9230001,223.124
3024.92200017,193.416
3026.92200017,277.24
3028.96200013,306.784
3030.96300006,244.16
3032.96200013,294.388
3034.96200013,351.54
3036.9610002,254.228
3038.9610002,301.74
3040.96000004,224.732
3042.96000004,243.788
3044.96000004,364.084
3046.95900011,347.208
3048.95900011,354.392
3050.95800018,295.62
3052.95800018,337.004
3054.99900007,404.996
3057.12199998,351.228
3059.16300011,322.7
3061.20600009,302.824
3063.20500016,222.42
3065.20500016,363.224
3067.24600005,338.444
3069.28700018,241.928
3071.37000012,279.164
3073.41100001,243.628
3075.53600001,281.132
3077.6190002,354.636
3079.66000009,256.724
3081.78400016,410.664
3083.82599998,472.876
3085.82500005,465.604
3087.90799999,320.488
3089.90799999,183.26
3091.94900012,283.864
3093.99000001,586.06
3096.07300019,503.452
3098.11400008,379.296
3100.15499997,399.548
3102.15499997,483.144
3104.1960001,340.104
3106.23699999,324.208
3108.36199999,348.38
3110.40300012,371.328
3112.44200015,250.896
3114.48500013,399.588
3116.61000013,421.972
3118.73400021,372.412
3120.81700015,326.364
3122.94200015,383.16
3124.94099998,439.688
3126.94099998,292.812
3128.98200011,217.76
3131.023,383.88
3133.023,445.06
3135.10600019,311.828
3137.23000002,324.036
3139.27100015,358.02
3141.35400009,366.54
3143.43700004,344.76
3145.51999998,332.348
3147.56100011,239.724
3149.602,393.952
3151.6420002,374.312
3153.72600007,277.044
3155.72600007,237.188
3157.7670002,156.056
3159.7670002,236.668
3161.84899998,309.68
3163.97399998,246.144
3166.0150001,295.016
3168.05599999,260.588
3170.09800005,250.204
3172.18000007,221.964
3174.30500007,193.956
3176.42900014,254.216
3178.51200008,285.736
3180.59500003,325.092
3182.72000003,473.988
3184.80299997,289.092
3186.84200001,324.068
3188.92700005,277.484
3191.00900006,257.776
3193.13400006,279.428
3195.21700001,192.004
3197.30000019,247.488
3199.34100008,278.62
3201.46500015,272.932
3203.50700021,497.792
3205.50600004,438.568
3207.50600004,227.82
3209.50500011,166.456
3211.50500011,344.384
3213.50400019,273.82
3215.50400019,255.068
3217.50300002,264.896
3219.50300002,197.828
3221.50200009,280.608
3223.50200009,217.78
3225.50200009,242.928
3227.50100017,248.044
3229.50100017,251.276
3231.5,263.844
3233.5,227.808
3235.49900007,265.392
3237.49900007,222.324
3239.49800014,226.024
3241.49800014,181.392
3243.49699998,208.344
3245.49699998,180.912
3247.57800007,199.044
3249.53800011,185.856
3251.53700018,297.496
3253.53700018,194.264
3255.53600001,236.444
3257.53600001,333.364
3259.53500009,376.932
3261.53500009,150.6
3263.53500009,222.192
3265.53400016,320.312
3267.53400016,209.212
3269.53299999,148.168
3271.53299999,226.72
3273.53200006,276.128
3275.53200006,260.808
3277.53100014,168.412
3279.53100014,195.664
3281.52999997,290.22
3283.52999997,181.788
3285.52900004,167.436
3287.56900001,247.064
3289.52900004,426.072
3291.52800012,410.2
3293.52800012,349.032
3295.52700019,392.476
3297.52700019,365.244
3299.52600002,365.436
3301.52600002,254.132
3303.5250001,203.976
3305.5250001,460.628
3307.52400017,193.016
3309.52400017,420.04
3311.52400017,479.576
3313.523,469.888
3315.5630002,478.556
3317.56200004,311.524
3319.56200004,178.892
3321.56100011,201.976
3323.56200004,115.968
3325.56200004,212.228
3327.602,396.116
3329.60300016,338.356
3331.602,319.052
3333.602,307.552
3335.60100007,468.304
3337.60100007,336.492
3339.60000014,386.728
3341.60000014,287.968
3343.60000014,345.3
3345.59899998,373.724
3347.6400001,355.7
3349.6400001,278.152
3351.63900018,318.716
3353.63900018,209.596
3355.63800001,369.872
3357.63800001,259.116
3359.63800001,291.332
3361.63700008,352.444
3363.63700008,301.416
3365.63600016,324.208
3367.63600016,317.024
3369.63499999,176.572
3371.63499999,313.08
3373.63400006,312.028
3375.63400006,308.772
3377.63300014,355.832
3379.63300014,270.712
3381.63300014,330.524
3383.63200021,262.864
3385.63200021,186.2
3387.63100004,248.344
3389.63100004,315.66
3391.63000011,376.452
3393.63000011,160.464
3395.62900019,279.84
3397.62900019,317.06
3399.62800002,198.252
3401.62800002,231.172
3403.62700009,367.792
3405.62700009,275.908
3407.62700009,224.34
3409.62600017,187.392
3411.66600013,300.236
3413.6650002,306.932
3415.625,346.232
3417.66400003,223.444
3419.66400003,345.348
3421.62300014,351.416
3423.62300014,305.568
3425.62199998,246.564
3427.62199998,297.54
3429.62199998,226.776
3431.62100005,184.58
3433.62100005,263.472
3435.62000012,213.936
3437.62000012,226.204
3439.6190002,257.9
3441.6190002,232.832
3443.61800003,309.292
3445.61800003,406.108
3447.6170001,298.5
3449.6170001,237.088
3451.61600018,447.764
3453.65600014,417.848
3455.61600018,332.748
3457.61500001,342.152
3459.61500001,370.24
3461.61400008,363.168
3463.61400008,304.336
3465.61300015,240.052
3467.61300015,269.032
3469.61199999,320.692
3471.61199999,400.488
3473.61100006,280.072
3475.61100006,216.264
3477.61100006,318.068
3479.61000013,410.728
3481.61000013,417.96
3483.60900021,262.552
3485.60900021,347.396
3487.60800004,285.456
3489.60800004,397.988
3491.60700011,344.092
3493.60700011,257.372
3495.60600019,353.812
3497.648,482.804
3499.64700007,305.628
3501.64700007,331.3
3503.64600015,351.548
3505.64600015,230.088
3507.64499998,224.86
3509.64499998,218.128
3511.64400005,206.576
3513.64400005,233.968
3515.64400005,262.288
3517.68500018,217.288
3519.68400002,402.024
3521.68400002,296.544
3523.68300009,236.452
3525.72300005,227.26
3527.72200012,315.348
3529.72200012,219.948
3531.72200012,252.328
3533.72300005,223.332
3535.72200012,416.852
3537.76200008,313.528
3539.76100016,281.82
3541.76300001,368.676
3543.76200008,419.96
3545.76200008,332.004
3547.76100016,265.552
3549.76100016,214.724
3551.75999999,290.292
3553.80100012,317.392
3555.80100012,230.592
3557.80100012,301.696
3559.80000019,244.292
3561.80000019,292.908
3563.79900002,469.196
3565.79900002,380.356
3567.7980001,434.016
3569.7980001,259.112
3571.79700017,324.428
3573.79700017,342.436
3575.796,373.624
3577.796,320.152
3579.796,302.084
3581.83700013,217.58
3583.8360002,287.072
3585.8360002,334.788
3587.83500004,426.028
3589.83500004,418.532
3591.83400011,389.388
3593.83400011,412.248
3595.83400011,419.9
3597.83300018,289.5
3599.83300018,296.604
3601.83200002,355.404
3603.83200002,330.12
3605.83100009,391.396
3607.83100009,278.596
3609.83000016,189.644
3611.87199998,323.324
3613.87100005,253.016
3615.87100005,261.252
3617.87000012,224.688
3619.87000012,168.188
3621.8690002,360.088
3623.8690002,285.744
3625.86800003,229.56
3627.86800003,280.932
3629.8670001,281.884
3631.8670001,278.752
3633.86600018,307.944
3635.86600018,432.532
3637.86600018,329.624
3639.86500001,226.28
3641.86500001,197.576
3643.86400008,231.044
3645.86400008,176.22
3647.86300015,163.64
3649.86300015,435.54
3651.86199999,383.052
3653.86199999,296.656
3655.86100006,322.628
3657.86100006,257.176
3659.86100006,246.912
3661.86000013,379.628
3663.86000013,316.336
3665.85900021,366.68
3667.85900021,325.936
3669.85800004,239.336
3671.85800004,252.536
3673.89700007,281.436
3675.85700011,216.648
3677.85600019,344.212
3679.85600019,398.664
3681.85500002,260.108
3683.85500002,174.308
3685.85500002,456.264
3687.93700004,382.1
3689.89499998,222.412
3691.89499998,216.556
3693.93400002,228.968
3695.89400005,271.596
3697.93500018,262.172
3699.93500018,220.38
3701.97600007,182.944
3703.93400002,436.64
3705.97500014,370.292
3707.93300009,353.176
3709.93200016,400.5
3711.93200016,297.956
3713.93099999,277.552
3715.97300005,418.384
3717.97200012,259.548
3719.97200012,285.892
3721.97100019,326.144
3724.01300001,211.196
3725.97000003,358.432
3728.01200008,328.108
3730.01100016,429.856
3732.01100016,358.496
3734.00999999,469.964
3736.00999999,343.432
3738.00900006,303.388
3740.00900006,479.72
3742.00800014,260.628
3744.00800014,233.328
3746.00700021,312.212
3748.00700021,280.772
3750.00700021,334.92
3752.00600004,302.544
3754.00600004,312.072
3756.00500011,352.932
3758.00500011,358.264
3760.00400019,266.224
3762.00400019,372.172
3764.00300002,365.084
3766.00300002,351.232
3768.04200006,171.984
3770.04200006,191.148
3772.04200006,227.608
3774.08300018,181.188
3776.08200002,234.796
3778.08200002,336.744
3780.08100009,381.312
3782.08300018,208.36
3784.08200002,195.2
3786.08200002,142.54
3788.08100009,288.664
3790.08100009,425.804
3792.08000016,378.164
3794.08000016,356.436
3796.079,420.384
3798.079,317.212
3800.07800007,224.212
3802.07800007,219.984
3804.07800007,280.732
3806.07700014,365.8
3808.07700014,310.56
3810.07599998,265.212
3812.1170001,247.38
3814.1170001,189.428
3816.11600018,236.176
3818.11600018,314.184
3820.11600018,336.532
3822.11500001,277.768
3824.11500001,344.788
3826.11400008,406.664
3828.11400008,572.06
3830.11300015,419.56
3832.11300015,578.332
3834.11199999,485.292
3836.11199999,318.436
3838.11100006,234.46
3840.11100006,165.984
3842.11000013,248.552
3844.11000013,492.352
3846.11000013,475.664
3848.15100002,498.928
3850.1500001,261.612
3852.1500001,285.912
3854.14900017,231.156
3856.14900017,223.968
3858.148,218.016
3860.148,203.888
3862.148,171.484
3864.14700007,187.072
3866.14700007,147.276
3868.23000002,223.144
3870.22900009,366.904
3872.26900005,340.796
3874.22800016,326.352
3876.22800016,418.012
3878.227,368.036
3880.227,259.744
3882.22600007,371.6
3884.22600007,368.852
3886.22500014,265.212
3888.22500014,207.444
3890.22399998,182.656
3892.22399998,194.792
3894.22399998,176.944
3896.22300005,273.84
3898.22300005,222.592
3900.22200012,345.892
3902.22200012,198.496
3904.22100019,173.288
3906.22100019,257.12
3908.26200008,228.82
3910.26200008,169.396
3912.26100016,261.712
3914.26100016,218.772
3916.25999999,226.008
3918.30100012,233.172
3920.30100012,278.084
3922.30000019,198.84
3924.30000019,227.124
3926.30000019,212.468
3928.29900002,384.7
3930.29900002,228.732
3932.2980001,335.44
3934.33899999,250.424
3936.33899999,141.824
3938.33800006,396.404
3940.33800006,523.536
3942.37900019,335.956
3944.42000008,307.46
3946.46200013,445.516
3948.4610002,381.156
3950.4610002,480.124
3952.46000004,319.652
3954.46000004,399.648
3956.45900011,422.304
3958.45900011,332.688
3960.5,303.04
3962.54100013,368.636
3964.66600013,454.616
3966.70700002,334.396
3968.70700002,252.08
3970.78900003,178.852
3972.78900003,272.38
3974.78800011,257.128
3976.78800011,231.96
3978.78800011,235.984
3980.78700018,318.524
3982.78700018,273.524
3984.82800007,173.304
3986.8690002,171.176
3988.91000009,383.576
3991.03500009,406.06
3993.03400016,379.764
3995.07599998,407.664
3997.07500005,390.62
3999.07500005,346.788
4001.07400012,407.376
4003.07400012,344.832
4005.11500001,426.216
4007.11400008,317.62
4009.11400008,248.296
4011.11400008,342.152
4013.1960001,371.352
4015.23800015,291.736
4017.32000017,243.892
4019.32000017,247.016
